LAYERADD,50.53.49.234,2012/12/12 23:35:53,Moisture OFF
LAYERADD,50.53.49.234,2012/12/12 23:35:56,Soil OFF
DRAW,50.53.49.234,2012/12/12 23:36:06,Rectangle
LAYERADD,50.53.49.234,2012/12/12 23:36:13,Soil ON
DRAW,50.53.49.234,2012/12/12 23:36:20,zoom level 12
DRAW,50.53.49.234,2012/12/12 23:36:20,drag
LAYERADD,18.189.54.141,2012/12/19 00:12:14,Soil OFF
LAYERADD,18.189.54.141,2012/12/19 00:12:15,Soil ON
LAYERADD,18.189.54.141,2012/12/19 00:12:16,Urban OFF
LAYERADD,18.189.54.141,2012/12/19 00:12:16,Urban ON
LAYERADD,18.189.54.141,2012/12/19 00:12:17,True Color OFF
LAYERADD,18.189.54.141,2012/12/19 00:12:17,True Color ON
LAYERADD,18.189.54.141,2012/12/19 00:12:17,Urban OFF
LAYERADD,18.189.54.141,2012/12/19 00:12:18,Urban ON
LAYERADD,18.189.54.141,2012/12/19 00:12:18,Moisture OFF
LAYERADD,18.189.54.141,2012/12/19 00:12:18,Moisture ON
LAYERADD,18.189.54.141,2012/12/19 00:12:19,Vegetation OFF
LAYERADD,18.189.54.141,2012/12/19 00:12:19,Vegetation ON
DRAW,18.189.54.141,2012/12/19 00:17:01,zoom level 10
DRAW,18.189.54.141,2012/12/19 00:17:02,zoom level 11
DRAW,18.189.54.141,2012/12/19 00:17:02,drag
DRAW,98.204.230.216,2012/12/19 19:56:01,drag
LAYERADD,98.204.230.216,2012/12/19 19:56:05,True Color OFF
LAYERADD,98.204.230.216,2012/12/19 19:56:06,Moisture OFF
LAYERADD,98.204.230.216,2012/12/19 19:56:08,Urban OFF
LAYERADD,98.204.230.216,2012/12/19 19:56:09,Soil OFF
LAYERADD,98.204.230.216,2012/12/19 19:56:10,Vegetation OFF
LAYERADD,98.204.230.216,2012/12/19 19:56:11,Flood Riskmap OFF
LAYERADD,98.204.230.216,2012/12/19 19:56:11,Flood Riskmap ON
DRAW,98.204.230.216,2012/12/19 19:56:16,drag
DRAW,98.204.230.216,2012/12/19 19:56:19,Polyline
DRAW,98.204.230.216,2012/12/19 19:56:22,Rectangle
DRAW,98.204.230.216,2012/12/19 19:56:27,Marker
DRAW,98.204.230.216,2012/12/19 19:56:30,drag
DRAW,98.204.230.216,2012/12/19 19:56:34,zoom level 10
DRAW,98.204.230.216,2012/12/19 19:56:34,drag
DRAW,98.204.230.216,2012/12/19 19:56:35,drag
DRAW,98.204.230.216,2012/12/19 19:56:35,zoom level 9
LAYERADD,50.53.49.234,2012/12/19 20:58:50,Vegetation OFF
LAYERADD,50.53.49.234,2012/12/19 20:58:51,Vegetation ON
LAYERADD,50.53.49.234,2012/12/19 20:58:52,Soil OFF
LAYERADD,50.53.49.234,2012/12/19 20:58:53,Soil ON
LAYERADD,50.53.49.234,2012/12/19 20:58:53,Urban OFF
LAYERADD,50.53.49.234,2012/12/19 20:58:54,Urban ON
LAYERADD,50.53.49.234,2012/12/19 20:58:54,Moisture OFF
LAYERADD,50.53.49.234,2012/12/19 20:58:56,True Color OFF
LAYERADD,50.53.49.234,2012/12/19 20:58:56,True Color ON
LAYERADD,50.53.49.234,2012/12/19 20:58:57,Moisture ON
LAYERADD,50.53.49.234,2012/12/19 20:58:58,Urban OFF
LAYERADD,50.53.49.234,2012/12/19 20:58:59,Soil OFF
LAYERADD,50.53.49.234,2012/12/19 21:01:54,Moisture OFF
LAYERADD,50.53.49.234,2012/12/19 21:01:54,Moisture ON
LAYERADD,50.53.49.234,2012/12/20 21:48:18,Soil OFF
LAYERADD,50.53.49.234,2012/12/20 21:48:18,Soil ON
LAYERADD,50.53.49.234,2012/12/20 21:48:20,Moisture OFF
LAYERADD,50.53.49.234,2012/12/20 21:48:20,Moisture ON
LAYERADD,50.53.49.234,2012/12/20 21:48:22,True Color OFF
LAYERADD,50.53.49.234,2012/12/20 21:48:22,True Color ON
LAYERADD,50.53.49.234,2012/12/20 21:48:24,True Color OFF
LAYERADD,50.53.49.234,2012/12/20 21:48:25,Moisture OFF
LAYERADD,50.53.49.234,2012/12/20 21:48:26,Moisture ON
LAYERADD,50.53.49.234,2012/12/20 21:48:27,Soil OFF
LAYERADD,50.53.49.234,2012/12/20 21:48:27,Soil ON
